41.6372419704,8.32744839408,-41.6372419704
41.6372419704,23.161077621390042,0.0
41.6372419704,23.161077621390042,0.0
41.6372419704,26.706335281240086,7.231647679850412
41.6372419704,25.941859353865006,0.0
54.612072784499965,31.375428454389997,6.542154306699987
80.57786270619998,34.61527509729999,0.0
80.57786270619998,28.15766712466499,0.0
80.57786270619998,23.05734025920499,0.0
80.57786270619998,29.064167629834987,0.0
80.57786270619998,28.340645629944994,0.0
80.57786270619998,28.113855318559995,0.0
80.57786270619998,29.976194217629995,0.0
80.57786270619998,23.986600082589995,0.0
80.57786270619998,26.839136724234997,0.0
80.57786270619998,23.80379931763,0.0
80.57786270619998,41.96341285152998,0.0
80.57786270619998,27.4039441087,0.0
80.57786270619998,34.17441960698504,0.0
80.57786270619998,31.861585588249987,0.0
80.57786270619998,24.581851216835,0.0
80.57786270619998,21.759758324969997,0.0
80.57786270619998,24.581851216835,0.0
80.57786270619998,42.27992219939999,0.0
80.57786270619998,29.79372793164499,-0.8607676397499395
83.7393792342,32.95578914025499,0.0
83.7393792342,31.438811942114974,0.0
83.7393792342,22.258710742729996,0.0
83.7393792342,30.365194325949993,0.0
83.7393792342,33.138589905215,0.0
83.7393792342,41.512527828634994,0.0
83.7393792342,36.317844585545004,0.0
83.7393792342,48.13413303075504,0.0
83.7393792342,51.38405831509001,0.0
83.7393792342,47.81946066774499,0.0
83.7393792342,33.49575169368,0.0
83.7393792342,37.04100935353004,0.0
83.7393792342,47.51387540083,0.0
83.7393792342,42.68519513726004,0.0
83.7393792342,28.26774549186,0.0
83.7393792342,30.765999553990003,0.0
83.7393792342,39.13993747741,0.0
83.7393792342,72.63568917109,28.220928918650003
83.7393792342,47.51387540083,0.0
83.7393792342,28.66707143011005,0.0
83.7393792342,31.489164321975046,0.0
83.7393792342,45.312332377409994,0.0
83.7393792342,40.58626701338009,0.0
83.7393792342,33.770893210815,0.0
83.7393792342,47.60621615300499,0.0
83.7393792342,50.54921280743499,0.0
83.7393792342,50.335968292695,0.0
83.7393792342,53.07340760932,0.0
83.7393792342,28.75941218228504,0.0
83.7393792342,39.13993747741,0.0
83.7393792342,55.88781332425,0.0
83.7393792342,53.788885200370046,0.0
83.7393792342,69.813596279225,0.0
83.7393792342,39.23227822958499,0.0
83.7393792342,32.54892521715991,0.0
83.7393792342,69.813596279225,0.0
83.7393792342,41.962030369275,0.0
83.7393792342,50.930459240904995,0.0
83.7393792342,46.46042063542504,0.0
83.7393792342,28.0362474143,0.0
83.7393792342,55.88781332425,0.0
83.7393792342,25.296901225325005,0.0
83.7393792342,61.34902060269999,0.0
83.7393792342,53.60280377685999,0.0
83.7393792342,41.962030369275,0.0
83.7393792342,32.53616791969508,0.0
83.7393792342,38.12002340398999,0.0
83.7393792342,47.51387540083,0.0
83.7393792342,41.962030369275,0.0
83.7393792342,44.784123261139996,0.0
83.7393792342,39.23227822958499,0.0
83.7393792342,52.97508267927999,0.0
83.7393792342,61.439658355805,0.0
83.7393792342,52.36883657538,0.0
83.7393792342,33.588092445855,0.0
83.7393792342,53.065720432385,0.0
83.7393792342,55.88781332425,0.0
83.7393792342,39.91150062410004,0.0
83.7393792342,55.88781332425,0.0
83.7393792342,37.973721255064994,0.0
83.7393792342,55.88781332425,0.0
83.7393792342,46.34765917848499,0.0
83.7393792342,33.537484527310035,-1.1251324997000047
83.7393792342,40.79581414692999,0.0
83.7393792342,53.065720432385,0.0
83.7393792342,28.56445653057,0.0
83.7393792342,36.357151384605025,-2.3583471807496506
83.7393792342,43.52556628661999,0.0
83.7393792342,47.84138986475,0.0
83.7393792342,50.300803425984995,0.0
83.7393792342,50.51876905765499,0.0
83.7393792342,25.117586870045002,-0.9656765238999855
83.7393792342,44.691782508965005,0.0
83.7393792342,53.1639273098,0.0
83.7393792342,42.175274884014996,0.0
83.7393792342,31.489164321975046,0.0
83.7393792342,50.567466370255,0.0
83.7393792342,34.311257213840044,0.0
83.7393792342,53.586505869950074,0.0
83.7393792342,47.890676924435,0.0
83.7393792342,37.777052805860045,0.0
83.7393792342,39.322738242369994,0.0
83.7393792342,50.335968292695,0.0
83.7393792342,50.418714995585,0.0
83.7393792342,32.77533159292499,0.0
83.7393792342,41.962030369275,0.0
83.7393792342,40.04590301035504,0.0
83.7393792342,44.691782508965005,0.0
83.7393792342,27.615811167454996,0.0
83.7393792342,53.15806118456,0.0
83.7393792342,53.344809023125016,0.0
83.7393792342,35.946805801525045,0.0
83.7393792342,30.681767414299998,0.0
83.7393792342,48.23704016881504,0.0
83.7393792342,41.39603593354,0.0
83.7393792342,44.24873105460504,0.0
83.7393792342,66.99150338736,0.0
83.7393792342,62.16282312379004,0.0
83.7393792342,39.23227822958499,0.0
83.7393792342,52.32832127313499,0.0
83.7393792342,33.35357210994502,0.0
83.7393792342,53.788885200370046,0.0
83.7393792342,38.186965769805,0.0
83.7393792342,25.902154423710037,0.0
83.7393792342,47.19772374803,0.0
83.7393792342,44.60114475585999,0.0
83.7393792342,44.784123261139996,0.0
83.7393792342,45.507288029125036,0.0
83.7393792342,58.709906216114994,0.0
83.7393792342,64.49324932523,0.0
83.7393792342,61.439658355805,0.0
83.7393792342,37.13335010570504,0.0
83.7393792342,47.30040376114,0.0
83.7393792342,53.065720432385,0.0
83.7393792342,46.138112044935085,0.0
83.7393792342,39.86310224539504,0.0
83.7393792342,50.96679230850504,0.0
83.7393792342,39.88849062289499,0.0
83.7393792342,47.51387540083,0.0
83.7393792342,39.13993747741,0.0
83.7393792342,30.765999553990003,0.0
83.7393792342,35.04787624704,0.0
83.7393792342,34.858171234870014,-16.729178654149862
83.7393792342,30.505748864590043,0.0
83.7393792342,52.067165617670035,0.0
83.7393792342,53.065720432385,0.0
83.7393792342,44.691782508965005,0.0
83.7393792342,58.617565463940004,0.0
83.7393792342,35.11793182656997,0.0
83.7393792342,23.34672447611504,0.0
83.7393792342,53.15806118456,0.0
83.7393792342,46.454980414584995,0.0
83.7393792342,25.427399037175,0.0
83.7393792342,49.63540755199003,0.0
83.7393792342,31.489164321975046,0.0
83.7393792342,39.13993747741,0.0
83.7393792342,53.15806118456,0.0
83.7393792342,41.962030369275,0.0
83.7393792342,51.424723541815034,0.0
83.7393792342,41.962030369275,0.0
83.7393792342,53.788885200370046,0.0
83.7393792342,49.077411318174995,0.0
83.7393792342,39.23227822958499,0.0
83.7393792342,29.39023619809509,0.0
83.7393792342,25.937319290420042,0.0
83.7393792342,33.49575169368,0.0
83.7393792342,45.507288029125036,0.0
83.7393792342,47.696676165789995,0.0
83.7393792342,47.531901838699994,0.0
83.7393792342,56.610978092235044,0.0
83.7393792342,53.686270300829996,0.0
83.7393792342,41.65703613931498,0.0
83.7393792342,36.410185337719994,0.0
83.7393792342,34.12827870856004,0.0
83.7393792342,63.623744141595,0.0
83.7393792342,64.26175124766999,0.0
83.7393792342,50.335968292695,0.0
83.7393792342,39.463776307145,0.0
83.7393792342,61.439658355805,0.0
83.7393792342,38.342099052455026,0.0
83.7393792342,27.943906662125006,0.0
83.7393792342,56.473198325984995,0.0
83.7393792342,36.592986102679994,0.0
83.7393792342,64.26175124766999,0.0
83.7393792342,39.23227822958499,0.0
83.7393792342,30.127992447914995,0.0
83.7393792342,37.04100935353004,0.0
83.7393792342,47.60621615300499,0.0
83.7393792342,39.13993747741,0.0
83.7393792342,41.962030369275,0.0
83.7393792342,55.88781332425,0.0
83.7393792342,48.23704016881504,0.0
83.7393792342,47.19772374803,0.0
83.7393792342,39.13993747741,0.0
83.7393792342,40.944145518694995,0.0
83.7393792342,58.709906216114994,0.0
83.7393792342,45.690088794085035,0.0
83.7393792342,33.81283639749503,0.0
83.7393792342,50.873051637169986,28.220928918650003
83.7393792342,34.789954425590025,0.0
83.7393792342,39.08443932670002,0.0
83.7393792342,46.25531842631,0.0
83.7393792342,67.266644904495,28.220928918650003
83.7393792342,50.335968292695,0.0
83.7393792342,47.51387540083,0.0
83.7393792342,38.25424319196505,-16.088590534299904
83.7393792342,61.836978050805,0.0
83.7393792342,59.11804770868499,4.081414925699995
83.7393792342,25.031176017154998,0.0
83.7393792342,53.065720432385,0.0
83.7393792342,40.58626701338009,0.0
83.7393792342,26.987474859559985,0.0
83.7393792342,66.44583703346,28.220928918650003
83.7393792342,44.691782508965005,0.0
83.7393792342,38.88142245701498,-5.641002873100096
83.7393792342,56.11931140180999,0.0
83.7393792342,42.59285438508504,0.0
83.7393792342,31.720662399535048,0.0
83.7393792342,28.898569507670043,0.0
83.7393792342,61.439658355805,0.0
83.7393792342,50.96679230850504,0.0
83.7393792342,58.561083875105,-3.620668557499966
83.7393792342,49.241764740689995,0.0
83.7393792342,58.617565463940004,0.0
83.7393792342,39.13993747741,0.0
83.7393792342,36.70253493493,0.0
83.7393792342,47.07863737833,0.0
83.7393792342,42.43340377010001,0.0
83.7393792342,53.065720432385,0.0
83.7393792342,45.414947276950045,0.0
83.7393792342,37.22381011849004,0.0
83.7393792342,61.439658355805,0.0
83.7393792342,47.19772374803,0.0
83.7393792342,34.59064971133505,0.0
83.7393792342,41.962030369275,0.0
83.7393792342,45.312332377409994,0.0
83.7393792342,53.065720432385,0.0
83.7393792342,57.94506794973493,0.0
83.7393792342,44.691782508965005,0.0
83.7393792342,44.967499372275,0.0
83.7393792342,47.51387540083,0.0
83.7393792342,37.88428218957002,0.0
83.7393792342,39.35318199215,0.0
83.7393792342,44.691782508965005,0.0
83.7393792342,58.709906216114994,0.0
83.7393792342,32.212329089960086,0.0
83.7393792342,33.588092445855,0.0
83.7393792342,47.51387540083,0.0
83.7393792342,36.410185337719994,0.0
83.7393792342,38.82378582461,0.0
83.7393792342,36.317844585545004,0.0
83.7393792342,45.59774804191004,0.0
83.7393792342,30.752189007899993,0.0
83.7393792342,45.54383045497,0.0
83.7393792342,56.610978092235044,0.0
83.7393792342,50.335968292695,0.0
83.7393792342,38.26193834126999,0.0
83.7393792342,50.335968292695,0.0
83.7393792342,38.82378582461,0.0
83.7393792342,39.55423631993,0.0
83.7393792342,64.26175124766999,0.0
83.7393792342,26.16881736798004,0.0
83.7393792342,44.24873105460504,0.0
83.7393792342,47.47035116355501,0.0
83.7393792342,47.55809418657999,0.0
83.7393792342,44.691782508965005,0.0
83.7393792342,33.588092445855,0.0
83.7393792342,51.05913306068004,0.0
83.7393792342,52.690210570254955,0.0
83.7393792342,50.51876905765499,0.0
83.7393792342,47.51387540083,0.0
83.7393792342,47.51387540083,0.0
83.7393792342,36.317844585545004,0.0
83.7393792342,42.175274884014996,0.0
83.7393792342,53.065720432385,0.0
83.7393792342,53.065720432385,0.0
83.7393792342,46.138112044935085,0.0
83.7393792342,53.065720432385,0.0
83.7393792342,31.489164321975046,0.0
83.7393792342,47.51387540083,0.0
83.7393792342,38.397194143964995,0.0
83.7393792342,61.901814058119996,1.3861580647500116
83.7393792342,44.84144488076504,0.0
83.7393792342,33.475579195885004,-1.1251324997000047
83.7393792342,41.77976120573,0.0
83.7393792342,42.68519513726004,0.0
83.7393792342,42.68519513726004,0.0
83.7393792342,56.50836319269499,0.0
83.7393792342,42.521042910755,0.0
83.7393792342,47.51387540083,0.0
83.7393792342,58.617565463940004,0.0
83.7393792342,58.709906216114994,0.0
83.7393792342,42.453442231945,0.0
83.7393792342,66.76769248673499,28.220928918650003
83.7393792342,57.69970854246999,0.0
83.7393792342,41.962030369275,0.0
83.7393792342,30.765999553990003,0.0
83.7393792342,40.71515019140004,0.0
83.7393792342,47.362062166370016,0.0
83.7393792342,42.14483113423499,0.0
83.7393792342,48.13442526927499,0.0
83.7393792342,33.588092445855,0.0
83.7393792342,57.79915436443499,28.220928918650003
83.7393792342,52.140176333979994,0.0
83.7393792342,45.26771432782,0.0
83.7393792342,55.88781332425,0.0
83.7393792342,47.51387540083,0.0
83.7393792342,53.55589807316501,0.0
83.7393792342,59.024578579125034,0.0
83.7393792342,41.91390840285,0.0
83.7393792342,37.626001055935006,0.0
83.7393792342,54.904397866865,0.0
83.7393792342,53.15806118456,0.0
83.7393792342,53.248521197345,0.0
83.7393792342,39.86310224539504,0.0
83.7393792342,39.13993747741,0.0
83.7393792342,60.1705349954,0.0
83.7393792342,50.15369912915,0.0
83.7393792342,38.78947889899509,0.0
83.7393792342,53.065720432385,0.0
83.7393792342,42.68519513726004,0.0
83.7393792342,50.42830904486999,28.220928918650003
83.7393792342,45.507288029125036,0.0
83.7393792342,51.27237757542004,0.0
83.7393792342,55.57166167145,0.0
83.7393792342,50.335968292695,0.0
83.7393792342,38.264959474964975,0.0
83.7393792342,51.305534800285,0.0
83.7393792342,39.23227822958499,0.0
83.7393792342,53.065720432385,0.0
83.7393792342,44.671610011169996,-1.1251324997000047
83.7393792342,47.696676165789995,0.0
83.7393792342,66.99150338736,0.0
83.7393792342,36.73769980164,0.0
83.7393792342,50.864177408965,0.0
83.7393792342,39.091815510985,0.0
83.7393792342,38.596995513225,0.0
83.7393792342,53.788885200370046,0.0
83.7393792342,47.51387540083,0.0
83.7393792342,51.68617651690501,0.0
83.7393792342,41.962030369275,0.0
83.7393792342,20.293133506690044,0.0
83.7393792342,58.709906216114994,0.0
83.7393792342,41.8696896171,0.0
83.7393792342,53.065720432385,0.0
83.7393792342,58.709906216114994,0.0
83.7393792342,36.317844585545004,0.0
83.7393792342,56.83587765661499,0.0
83.7393792342,49.077411318174995,0.0
83.7393792342,52.97508267927999,0.0
83.7393792342,50.335968292695,0.0
83.7393792342,42.59285438508504,0.0
83.7393792342,45.414947276950045,0.0
83.7393792342,39.13993747741,0.0
83.7393792342,47.51387540083,0.0
83.7393792342,51.89950421003999,0.0
83.7393792342,44.595214856575005,-0.9656765238999855
83.7393792342,53.109939218135004,0.0
83.7393792342,34.311257213840044,0.0
83.7393792342,42.45840482587504,0.0
83.7393792342,42.14483113423499,0.0
83.7393792342,36.93839445399,0.0
85.96644666760001,58.88449099303,0.0
85.96644666760001,25.832906545474998,0.0
85.96644666760001,38.159407482450035,0.0
85.96644666760001,23.520733906855043,0.0
85.96644666760001,31.111313058964992,0.0
85.96644666760001,28.44583418561,0.0
85.96644666760001,27.953141765775,0.0
85.96644666760001,25.436861265775,0.0
85.96644666760001,33.17279208312,0.0
85.96644666760001,23.337933141895043,0.0
85.96644666760001,33.98588664425999,0.0
85.96644666760001,28.98211892562505,0.0
85.96644666760001,25.436861265775,0.0
85.96644666760001,23.337933141895043,0.0
85.96644666760001,31.95042261115997,0.0
85.96644666760001,28.210832191215,0.0
85.96644666760001,26.292584845964996,0.0
85.96644666760001,25.668359343335,0.0
85.96644666760001,30.898068544224998,0.0
85.96644666760001,33.36774773483504,0.0
85.96644666760001,28.98211892562505,0.0
85.96644666760001,40.380513784195,0.0
85.96644666760001,34.66284713519999,0.0
85.96644666760001,27.000397183120004,0.0
85.96644666760001,33.810799189194995,0.0
85.96644666760001,28.258954157640005,0.0
85.96644666760001,28.258954157640005,0.0
85.96644666760001,24.585986908775038,-15.740391249850067
85.96644666760001,35.679920373455005,0.0
85.96644666760001,38.291279080500075,0.0
85.96644666760001,31.081047049505003,0.0
85.96644666760001,31.60925616577499,0.0
85.96644666760001,39.45498497292499,0.0
85.96644666760001,25.436861265775,0.0
85.96644666760001,48.79470337577999,0.0
85.96644666760001,22.614768373910003,0.0
85.96644666760001,25.513688472790005,0.0
85.96644666760001,31.294291564244997,0.0
85.96644666760001,25.650105780515002,0.0
85.96644666760001,34.06774854499004,0.0
85.96644666760001,26.091890193615,0.0
85.96644666760001,28.07597565236,0.0
85.96644666760001,31.312545127064993,0.0
85.96644666760001,30.988706297329998,0.0
98.05754048764972,35.77082443080997,0.0
98.05754048764972,27.03883870656502,-0.4200190798495663
98.05754048764972,29.190609270125094,0.0
98.05754048764972,33.356530206545024,-1.176148741749872
98.05754048764972,26.2160788032101,0.0
98.05754048764972,27.366642146784947,-0.6390669837999973
98.05754048764972,33.217113138895,0.0
98.05754048764972,26.84818255533496,0.0
98.05754048764972,31.968417921685056,0.0
98.05754048764972,32.726107689589966,0.0
98.05754048764972,24.990146948965037,-0.11100395834975643
98.05754048764972,25.7008466422,-20.737962818650214
98.05754048764972,33.53938348446497,0.0
98.05754048764972,26.09808295162494,0.0
98.05754048764972,17.594758653190006,-19.025187899449655
115.0223486287998,48.413886456730026,0.0
115.0223486287998,24.642394630639966,-8.240260489699734
115.0223486287998,37.812006817395016,0.0
115.0223486287998,69.01340917727988,0.0
115.0223486287998,51.50589388758997,0.0
115.0223486287998,60.08799427121001,0.0
115.0223486287998,56.38518066263492,0.0
115.0223486287998,39.49829178446007,0.0
115.0223486287998,91.1086743896299,7.231647679850412
115.0223486287998,51.65830821016501,0.0
115.0223486287998,39.93527405100502,0.0
115.0223486287998,69.73657394526492,0.0
115.0223486287998,84.06090170000991,0.0
115.0223486287998,58.95750385036998,0.0
115.0223486287998,49.906053600999925,0.0
115.0223486287998,77.8433654027899,7.231647679850412
115.0223486287998,56.03940648753998,0.0
115.0223486287998,51.72369141532509,0.0
115.0223486287998,46.61959096953497,-1.1251324997000047
115.0223486287998,41.12363296072005,-12.525982555950014
115.0223486287998,58.382177271959996,0.0
115.0223486287998,61.05643197424994,0.0
115.0223486287998,84.06090170000991,0.0
115.0223486287998,50.229239912930005,0.0
115.0223486287998,81.96245351273997,0.0047993661002023146
115.0223486287998,53.82261953920505,0.0
115.0223486287998,56.65657137265494,-8.559885972249601
115.0223486287998,47.21266945025003,-9.657643052250135
115.0223486287998,39.34288946782512,-1.1251324997000047
115.0223486287998,61.243361872294976,0.0
115.0223486287998,32.838756550600024,0.0
115.0223486287998,51.98352422397998,-2.0480470634999453
115.0223486287998,48.16493923047996,0.0
115.0223486287998,48.795721455889996,0.0
115.0223486287998,51.72369141532509,0.0
115.0223486287998,40.808603096370064,0.0
115.0223486287998,63.794269062769885,-0.00730605490001617
115.0223486287998,32.72660541618508,0.0
115.0223486287998,73.28183160511496,0.0
115.0223486287998,62.670197860384995,0.0
115.0223486287998,71.182903481235,0.0
115.0223486287998,49.73892842834996,0.0
115.0223486287998,38.794026025025026,0.0
115.0223486287998,63.29552877776996,-2.242017047200154
115.0223486287998,50.27736187935501,0.0
115.0223486287998,29.958962530890084,-0.4200190798495663
115.0223486287998,49.554197111369966,0.0
115.0223486287998,36.688106919574984,-14.344822383099945
115.0223486287998,50.148212915229905,0.0
119.68652744275047,62.96917939161509,0.0
119.68652744275047,29.952958907695113,-28.11220509809983
119.68652744275047,31.220562186170167,-18.725119606750084
119.68652744275047,30.018352965210198,-7.59323003274994
119.68652744275047,30.968761855290076,0.0
119.68652744275047,21.86961576933519,-22.722809562149692
119.68652744275047,30.163577162780143,0.0
119.68652744275047,27.687101685530262,-0.7584384509996395
119.68652744275047,31.958264261110116,-0.578201284300012
119.68652744275047,29.657290687675225,-30.736065431350156
119.68652744275047,36.13776295468506,0.0
119.68652744275047,31.46736845980015,0.0
119.68652744275047,27.02889131865024,-0.578201284300012
119.68652744275047,27.739310034990115,0.0
119.68652744275047,26.439482483525193,-23.05075485939998
119.68652744275047,30.839058974545175,-4.095190447349986
119.68652744275047,26.13946635298017,-17.510918067599903
119.68652744275047,31.01064278300015,0.0
119.68652744275047,34.12238345298516,0.0
119.68652744275047,34.241683654700026,0.0
119.68652744275047,27.874602451695154,-0.578201284300012
119.68652744275047,27.527406120725153,-1.6435097988499794
119.68652744275047,28.302839085310076,-5.1746799826000585
119.68652744275047,26.98515173988513,-16.221462853650213
119.68652744275047,29.496539535135213,0.0
119.68652744275047,33.3411020450101,0.0
119.68652744275047,28.334874211945184,-4.406954222150193
119.68652744275047,27.999003849400147,-3.0371005742996466
119.68652744275047,24.250064291205213,-21.736788045999827
119.68652744275047,28.999968184715044,0.0
119.68652744275047,32.78784083432505,0.0
119.68652744275047,33.184252367255134,0.0
119.68652744275047,29.619337056155143,0.0
119.68652744275047,29.269981852895135,0.0
119.68652744275047,25.865583016235156,-0.7438152952000615
119.68652744275047,28.032333634635172,-5.839337810049881
119.68652744275047,34.8680968534501,-25.398039730599955
119.68652744275047,26.32154477111024,-0.4200190798495663
119.68652744275047,33.79023429822516,0.0
119.68652744275047,37.620664299150164,0.0
119.68652744275047,30.012479738195093,-14.690089759350068
119.68652744275047,28.46247480297516,0.0
119.68652744275047,25.737603748290134,-28.119435895449982
119.68652744275047,30.60397237291006,-20.563586778250045
119.68652744275047,27.55242606759024,0.0
119.68652744275047,28.915457953070124,0.0
119.68652744275047,40.960865242560054,-25.378727342000058
119.68652744275047,26.3063498020502,-1.1251324997000047
119.68652744275047,24.25994532602515,-5.994516886699607
119.68652744275047,22.868247834110168,-34.298806380049385
119.68652744275047,27.494053048445103,-19.26637135649981
119.68652744275047,32.913697995770235,0.0
119.68652744275047,33.42304326728517,0.0
119.68652744275047,28.618087727085243,0.0
119.68652744275047,29.176904412755174,-7.390048426899954
119.68652744275047,33.315118924495195,0.0
119.68652744275047,29.1856395709602,0.0
125.0575002991993,43.70784085790511,0.0
125.0575002991993,32.72128926480518,-5.566395093699335
125.0575002991993,38.98733950123013,0.0
125.0575002991993,29.450904153685173,0.0
125.0575002991993,30.876202144859985,-7.410283242500317
125.0575002991993,27.994616243315146,0.0
125.0575002991993,34.107415278375164,-12.745040065699582
125.0575002991993,28.030071942215095,-0.4200190798495663
125.0575002991993,25.60471687511518,-25.31190117984988
125.0575002991993,32.61388612340008,0.0
125.0575002991993,32.543556446150134,-11.056875129850035
125.0575002991993,26.643897078150104,0.0
125.0575002991993,26.84945410195511,-0.578201284300012
125.0575002991993,34.05783932784017,0.0
125.0575002991993,28.544535330450024,-4.898570625099947
125.0575002991993,29.563663193380144,0.0
125.0575002991993,26.233907441955104,-17.759928438999935
125.0575002991993,30.70555009051007,0.0
125.0575002991993,28.871005785185172,0.0
125.0575002991993,35.50905121509515,0.0
125.0575002991993,30.715587731804987,0.0
125.0575002991993,30.030239957635054,-4.098103078699974
125.0575002991993,32.59978201031505,0.0
125.0575002991993,28.310758335230123,0.0
125.0575002991993,28.763699058615078,-7.022909114000306
125.0575002991993,27.309241717705145,-0.578201284300012
125.0575002991993,29.28789994113015,0.0
125.0575002991993,30.44094814486011,-3.986335580849764
125.0575002991993,29.418508481980087,-13.434617256099731
125.0575002991993,27.888092839570145,0.0
125.0575002991993,28.725531363190186,0.0
125.0575002991993,29.754145839375145,-0.578201284300012
125.0575002991993,32.78661336748512,-14.1847145862501
125.0575002991993,25.777001159235084,-9.775286647650226
125.0575002991993,25.37836550647005,-13.329466424449953
125.0575002991993,36.52382371278007,0.0
125.0575002991993,26.185346458680065,0.0
125.0575002991993,26.733460902085064,0.0
125.0575002991993,29.46598997001511,0.0
125.0575002991993,38.651924631450285,0.0
125.0575002991993,25.937571590850144,-24.705302800499997
125.0575002991993,29.781526318535008,-27.436309706250043
125.0575002991993,25.92073231016506,0.0
125.0575002991993,32.526688638595076,0.0
125.0575002991993,35.55830714512003,0.0
125.0575002991993,27.119944192660107,0.0
125.0575002991993,29.471690281695135,0.0
125.0575002991993,37.339839003304974,-29.286679440750145
125.0575002991993,30.18915473800015,0.0
125.0575002991993,25.668143455405147,-20.107948219449653
125.0575002991993,32.519580939440104,0.0
125.0575002991993,29.196320864165084,-14.017332089050056
125.0575002991993,29.768491450250103,0.0
125.0575002991993,30.84313898139002,0.0
125.0575002991993,38.29284305820024,-12.491923998450023
125.0575002991993,26.378297639260058,0.0
125.0575002991993,28.151656820305142,-15.45831227269962
125.0575002991993,32.06609014720017,0.0
125.0575002991993,28.09022661412019,0.0
125.0575002991993,29.535109436785113,-14.653211200149997
125.0575002991993,25.32708236174006,-3.1693432869999785
125.0575002991993,30.70582484669518,-14.656284045350155
125.0575002991993,36.21003415959011,-1.2922616991997113
125.0575002991993,30.162591900790183,0.0
125.0575002991993,27.480867582734977,-13.7100820561502
125.0575002991993,32.52400425756513,0.0
125.0575002991993,38.380375414530064,0.0
125.0575002991993,29.298116407660025,0.0
125.0575002991993,34.89034845034521,7.231647679850412
125.0575002991993,32.266871211000186,0.0
125.0575002991993,28.137892121420162,-6.285685762500181
125.0575002991993,45.65050182597498,0.0
125.0575002991993,25.516439315845016,-11.27477177030003
125.0575002991993,31.302841315745024,-3.7720245061498483
125.0575002991993,31.915664237529985,0.0
125.0575002991993,27.831667703625083,0.0
125.0575002991993,23.836589562900194,-22.318882590799976
125.0575002991993,30.360280214485197,-22.172666200699936
125.0575002991993,28.43320921724503,0.0
125.0575002991993,23.3976639178851,-20.915462599650024
125.0575002991993,28.07801865039002,0.0
125.0575002991993,24.90246033241007,-10.182719777549908
125.0575002991993,26.19058653843503,0.0
125.0575002991993,30.204532685025054,0.0
125.0575002991993,28.09022661412019,0.0
125.0575002991993,31.480931801565095,-0.578201284300012
125.0575002991993,27.131979850655114,-2.350819954800338
125.0575002991993,22.06894456955509,-21.56214670044951
125.0575002991993,38.550398718960025,0.0
125.0575002991993,24.583739121960125,-29.026667069699812
125.0575002991993,32.46868470298004,0.0
125.0575002991993,26.391410120940236,-16.988164931799542
125.0575002991993,28.67485459352015,0.0
140.38815601899933,42.50685910104505,-4.83267500144958
140.38815601899933,32.594257535650044,0.0
140.38815601899933,45.57976034501496,0.0
140.38815601899933,28.59737825800995,-14.149111950250273
140.38815601899933,29.58194792448999,0.0
140.38815601899933,43.42641381546496,0.0
140.38815601899933,35.212911873050025,0.0
140.38815601899933,28.548180525349988,0.0
140.38815601899933,41.245174717304806,0.0
140.38815601899933,29.42269459211003,-4.83267500144958
140.38815601899933,35.67765615128509,0.0
140.38815601899933,28.643005502669943,0.0
140.38815601899933,27.30615786158508,-28.542316101599987
140.38815601899933,31.116054156260027,0.0
140.38815601899933,35.657892414230055,0.0
140.38815601899933,33.28995810186498,0.0
140.38815601899933,44.53760545081984,0.0
140.38815601899933,37.692797179300086,-5.511131639850245
140.38815601899933,36.27328414088007,0.0
140.38815601899933,30.030242652675035,-0.578201284300012
140.38815601899933,31.08154894731995,0.0
140.38815601899933,31.322229977580083,-0.578201284300012
140.38815601899933,31.493331445910037,0.0
140.38815601899933,34.80159097985491,0.0
140.38815601899933,30.465656192360058,-25.16826171250016
140.38815601899933,31.606719007715164,0.0
140.38815601899933,41.35441712524503,0.0
140.38815601899933,30.438312577254987,0.0
140.38815601899933,28.769376308699993,0.0
140.38815601899933,33.69877967896506,0.0
140.38815601899933,29.492541076685036,0.0
140.38815601899933,44.19131095924497,0.0
140.38815601899933,29.88642560051008,-2.739638712349988
140.38815601899933,31.584311549869938,-1.079923092350096
140.38815601899933,39.46751951718996,-1.6855382304501139
140.38815601899933,33.525203787570035,0.0
140.38815601899933,29.96380143314003,0.0
140.38815601899933,32.55589805612503,0.0
140.38815601899933,37.585379356299924,0.0
140.38815601899933,30.75377786001993,-2.8948106199500265
140.38815601899933,35.02028377050001,0.0
140.38815601899933,32.87202547237501,-1.7907029817000963
140.38815601899933,30.103907452650027,0.0
140.38815601899933,36.541893827344964,0.0
140.38815601899933,36.09814663454996,0.0
140.38815601899933,28.71405993577499,0.0
140.38815601899933,37.81485039075987,-7.569376347599959
140.38815601899933,30.637824816689935,-1.7516324296500767
140.38815601899933,35.62119622718495,0.0
140.38815601899933,29.50423533061499,0.0
140.38815601899933,27.02168782072488,-23.570550749399814
140.38815601899933,36.08247732031491,-0.1061356245498755
140.38815601899933,32.00775334513499,-3.5521643440000714
140.38815601899933,29.414822268980068,-20.430967978299687
140.38815601899933,41.13483535272998,0.0
140.38815601899933,27.507627667644993,-4.83267500144958
140.38815601899933,32.08531376018999,0.0
140.38815601899933,35.65655240860504,0.0
140.38815601899933,37.59833895804001,0.0
140.38815601899933,40.70300949976499,0.0
140.38815601899933,28.310397394124948,-0.578201284300012
140.38815601899933,32.51478196629003,0.0
140.38815601899933,35.872340369860005,0.0
140.38815601899933,32.74871769061495,-2.022232660549984
140.38815601899933,40.01490986964981,0.0
140.38815601899933,40.165555121724985,0.0
140.38815601899933,29.45623791142998,-20.799149162100093
140.38815601899933,32.10170781141488,-20.050957396449846
140.38815601899933,32.281986852379944,-3.6715517125999786
140.38815601899933,32.07704843208003,0.0
140.38815601899933,35.85643349548006,0.0
140.38815601899933,53.09202354770984,-2.0123446410499515
140.38815601899933,33.81788171647995,0.0
140.38815601899933,34.528046396479986,-4.150039317999955
140.38815601899933,30.160389471745077,0.0
140.38815601899933,34.02505025571001,-1.633515809349995
140.38815601899933,33.03998945433003,0.0
140.38815601899933,30.806259728544926,0.0
140.38815601899933,32.44597171553991,0.0
140.38815601899933,27.62132751260491,-4.6515753432499825
140.38815601899933,32.46882267622995,0.0
140.38815601899933,35.81150956335995,0.0
140.38815601899933,31.204719688675073,0.0
140.38815601899933,35.31952762537504,0.0
140.38815601899933,49.198789656234915,0.0
140.38815601899933,32.663066915809914,0.0
140.38815601899933,33.188498235919944,-4.465827155999991
140.38815601899933,33.810970074850005,0.0
140.38815601899933,28.47061002193002,-23.570550749399814
140.38815601899933,27.953018772750056,-10.198035170349723
140.38815601899933,34.88482244888498,0.0
140.38815601899933,35.673001718835096,0.0
140.38815601899933,33.17737922330501,0.0
140.38815601899933,28.87829287954998,-1.516287064450106
140.38815601899933,32.73327828330504,-17.011918375799898
140.38815601899933,33.21398044117008,0.0
140.38815601899933,35.15509477507507,-6.853247337800124
140.38815601899933,29.140110231055008,0.0
140.38815601899933,31.410130969110117,0.0
140.38815601899933,31.00633696956003,0.0
140.38815601899933,29.63111247752003,0.0
140.38815601899933,32.15008450062495,-17.40460821559996
140.38815601899933,28.79734159520492,0.0
140.38815601899933,34.52647785386008,0.0
140.38815601899933,32.13762368270994,0.0
140.38815601899933,31.69612585552012,0.0
140.38815601899933,31.726931078970143,0.0
140.38815601899933,35.47188597749495,0.0
140.38815601899933,29.511492597860023,0.0
140.38815601899933,36.66122962038497,-15.246554738999752
140.38815601899933,42.147602304604916,0.0
140.38815601899933,38.08216229017494,0.0
140.38815601899933,31.037890940764935,0.0
140.38815601899933,38.75080166385506,0.0
140.38815601899933,30.81298805965495,0.0
140.38815601899933,29.240636665154987,0.0
140.38815601899933,29.36782466743499,0.0
140.38815601899933,37.69587567260505,0.0
140.38815601899933,39.18672389475992,0.0
140.38815601899933,40.51131323485996,0.0
140.38815601899933,27.638199534979965,-5.277830878749839
140.38815601899933,43.45190878522,0.0
140.38815601899933,29.184295075464895,0.0
140.38815601899933,33.21398044117008,0.0
140.38815601899933,47.884669899109966,0.0
140.38815601899933,27.41589613623994,-18.346592424900084
140.38815601899933,29.437224703760034,0.0
140.38815601899933,51.0349998904701,0.5531637292500003
140.38815601899933,40.406918367374985,0.0
140.38815601899933,31.338518402949944,-23.82783778104986
140.38815601899933,40.952782049800035,-1.6169267618999583
140.38815601899933,30.547277264570038,0.0
140.38815601899933,38.69515928451492,0.0
140.38815601899933,30.88355423973012,0.0
140.38815601899933,33.21398044117008,0.0
140.38815601899933,38.53432739516508,0.0
140.38815601899933,42.206796787055005,0.0
140.38815601899933,33.01014984964501,-1.6169267618999583
140.38815601899933,38.837765120880036,0.0
140.38815601899933,32.95946148118999,0.0
140.38815601899933,36.132440633185034,-14.652387757749844
140.38815601899933,37.06094124171999,0.0
140.38815601899933,35.42151522309,0.0
140.38815601899933,47.353650298565,-5.160958637899975
140.38815601899933,26.33371600565988,-17.40460821559996
140.38815601899933,33.14479196477508,0.0
140.38815601899933,39.77348042972484,0.0
140.38815601899933,30.208850970305075,0.0
140.38815601899933,43.83592306094001,0.0
140.38815601899933,33.72686194869503,0.0
140.38815601899933,40.167641477939924,0.0
140.38815601899933,38.87883357972988,0.0
140.38815601899933,32.95973160009498,0.0
140.38815601899933,29.839005850485073,-2.253920569849969
140.38815601899933,34.38298048255011,0.0
140.38815601899933,36.38897155536994,0.0
140.38815601899933,31.731234139345116,0.0
140.38815601899933,38.47083796112999,0.0
140.38815601899933,32.499453742200004,0.0
140.38815601899933,32.03730417282016,0.0
140.38815601899933,40.584233282165016,0.0
140.38815601899933,29.163455373275024,-8.319931968800036
140.38815601899933,36.42242293026496,0.0
140.38815601899933,40.18457822104496,0.0
140.38815601899933,36.94267720051511,0.0
140.38815601899933,32.99593051021007,0.0
140.38815601899933,34.09104694070992,0.0
140.38815601899933,36.63344704338516,5.265767293799994
140.38815601899933,36.83014874994498,0.0
140.38815601899933,40.66121899205507,-0.8647003929495579
140.38815601899933,50.501752000434934,-6.568469965500012
140.38815601899933,34.90457958618988,0.0
140.38815601899933,29.34123313948503,0.0
140.38815601899933,35.77550369366997,-4.789945808900532
140.38815601899933,37.154913227170155,7.231647679850412
140.38815601899933,40.41712399525012,0.0
140.38815601899933,33.98381446748506,0.0
140.38815601899933,33.10695101107494,0.0
140.38815601899933,39.46435945530507,0.0
140.38815601899933,44.96329192854994,0.0
140.38815601899933,44.188657949669924,1.217179574349767
140.38815601899933,30.295232374999898,-6.84165155720003
140.38815601899933,29.39654951241003,0.0
140.38815601899933,29.22497452026003,-5.973241861299984
140.38815601899933,40.28690723475007,0.0
140.38815601899933,36.43154844106507,0.0
140.38815601899933,31.931500548350034,0.0
140.38815601899933,40.03850822319993,0.0
140.38815601899933,28.720879298534943,0.0
140.38815601899933,39.22396551916497,0.0
140.38815601899933,33.39036805321495,0.0
140.38815601899933,33.78768723233504,0.0
140.38815601899933,33.15277203955999,0.0
140.38815601899933,38.36429821796498,-9.739155756150069
140.38815601899933,32.38342830510513,-7.5852686489493815
140.38815601899933,33.36266019400492,0.0
140.38815601899933,31.510727443440157,0.0
140.38815601899933,33.96909491926512,0.0
140.38815601899933,32.88649079933507,0.0
140.38815601899933,34.69076857979503,0.0
140.38815601899933,31.727881640585117,-10.126370237849804
140.38815601899933,30.773157003815005,0.0
140.38815601899933,43.392062575295014,5.265767293799994
140.38815601899933,35.925655169035025,-0.5513613493000623
140.38815601899933,37.454708358639934,0.0
140.38815601899933,41.66744183794011,0.0
140.38815601899933,32.21698653591999,0.0
140.38815601899933,32.61978786763996,0.0
140.38815601899933,35.12090006654992,0.0
140.38815601899933,38.167321508094815,0.0
140.38815601899933,40.24710507718494,-1.0388829993500026
140.38815601899933,40.70635463717,0.0
140.38815601899933,37.00785033505501,0.0
140.38815601899933,44.32104656048501,0.0
140.38815601899933,32.27783357805508,0.0
140.38815601899933,46.981380133755074,0.0
140.38815601899933,28.618068371499987,0.0
140.38815601899933,40.596504128754965,0.0
140.38815601899933,39.585765229529876,-6.183799121500098
140.38815601899933,37.209925621950035,-3.5116034476001166
140.38815601899933,36.51691803527001,-6.032924702450051
140.38815601899933,47.18027591182002,-0.4705284430499887
140.38815601899933,30.85121338715006,-0.24670338655004742
140.38815601899933,35.53337505756991,0.0
140.38815601899933,30.735446613540102,-0.5211606191501371
140.38815601899933,33.98533200924009,0.0
140.38815601899933,37.74899855913492,0.0
140.38815601899933,35.10404736055998,0.0
140.38815601899933,36.34976732836007,0.0
140.38815601899933,32.087336132779996,0.0
140.38815601899933,29.29418029518003,-0.4705284430499887
140.38815601899933,29.15884679977999,0.0
140.38815601899933,35.47094183534998,0.0
140.38815601899933,34.589440600440064,0.0
140.38815601899933,32.05093805853509,0.0
140.38815601899933,38.47421694024994,0.0
140.38815601899933,34.050529552914995,0.0
140.38815601899933,35.59762415167503,0.0
140.38815601899933,37.76032310881999,0.0
140.38815601899933,45.15176492015991,0.0
140.38815601899933,34.18570683472007,0.0
140.38815601899933,31.45975663978502,0.0
140.38815601899933,54.95196160596496,7.231647679850412
140.38815601899933,36.540950461995,0.0
140.38815601899933,34.517718525894985,0.0
140.38815601899933,30.59097463685007,0.0
140.38815601899933,37.68774906316496,-0.8945765990501386
140.38815601899933,30.30429517531016,-4.83267500144958
140.38815601899933,35.24691161552011,1.1519535551500042
140.38815601899933,30.902829834164983,-5.373314292000013
140.38815601899933,42.925435560755034,0.0
140.38815601899933,40.66195823217998,0.0
140.38815601899933,29.71505591775491,-16.56156008295036
140.38815601899933,32.49878348634503,0.0
140.38815601899933,40.36417427513503,0.0
140.38815601899933,27.837796055535,-16.681427302149974
140.38815601899933,37.16045658276025,7.231647679850412
140.38815601899933,38.642463206680034,0.0
140.38815601899933,37.08434704709498,0.0
140.38815601899933,39.142271898475045,0.0
140.38815601899933,34.00146659871511,-31.107668013399966
140.38815601899933,34.39096754198493,-9.442143780450081
140.38815601899933,41.99954570847006,0.0
140.38815601899933,37.76023835533004,0.0
140.38815601899933,34.115814276365015,-32.05033961045016
140.38815601899933,29.870456272435028,-4.1444833094000355
140.38815601899933,40.04395530861997,0.0
140.38815601899933,37.47946313105,-11.596004175949806
140.38815601899933,37.105416981894976,-1.0929605636500985
140.38815601899933,35.96404806186507,0.0
140.38815601899933,32.87772266448498,0.0
140.38815601899933,28.511906981014988,-1.061613904849987
140.38815601899933,34.425887885525086,0.0
140.38815601899933,32.89617354369507,0.0
140.38815601899933,35.485133060894974,0.0
140.38815601899933,40.55192930518491,0.0
140.38815601899933,35.682611441084916,-0.28951922404987274
140.38815601899933,35.78861465019504,0.0
140.38815601899933,49.05856475587995,0.0
140.38815601899933,38.42935079426011,0.0
140.38815601899933,30.064397907470074,0.0
140.38815601899933,46.325354023204895,0.0
140.38815601899933,32.76943437852502,0.0
140.38815601899933,33.65414579125003,0.0
140.38815601899933,39.969007372780034,0.0
140.38815601899933,37.59490102326494,0.0
140.38815601899933,31.47277777722997,-1.2120357364500292
140.38815601899933,35.507411666875065,-4.566363949900027
140.38815601899933,34.833650373320054,0.0
140.38815601899933,35.52301528113502,0.0
140.38815601899933,30.50944922799989,-14.099172068550008
140.38815601899933,34.47840112631001,-0.4705284430499887
140.38815601899933,32.88649079933507,0.0
140.38815601899933,34.958193835844995,-7.770599376200011
140.38815601899933,34.64068119703994,0.0
140.38815601899933,39.20907458427,0.0
140.38815601899933,46.207737859304984,0.0
140.38815601899933,33.2617201214551,0.0
152.45552617090027,55.151527742330074,7.231647679850412
152.45552617090027,35.08514958035009,-8.018318018199968
152.45552617090027,36.79700330539009,-5.118913223599945
152.45552617090027,41.98225024532496,0.0
152.45552617090027,34.575981723404944,-3.5257227931500994
152.45552617090027,32.30286787278517,-5.973241861299984
152.45552617090027,36.37488353869004,0.0
152.45552617090027,52.72528325373004,0.0
152.45552617090027,97.10727602138522,6.6873598899000095
152.45552617090027,50.58988488788016,0.0
152.45552617090027,95.5451500917702,0.0
152.45552617090027,87.92722900441512,1.7959627394498792
152.45552617090027,80.87317056758017,0.0
152.45552617090027,65.45513652863028,0.0
152.45552617090027,78.69956576347022,0.0
152.45552617090027,115.49981935823523,0.0
152.45552617090027,98.56383102224024,7.231647679850412
152.45552617090027,110.49562405704023,0.0
152.45552617090027,65.25063289619519,0.0
152.45552617090027,92.1964804705252,0.0
152.45552617090027,48.350663944505165,-2.033309418099944
152.45552617090027,69.33395762534019,0.0
152.45552617090027,65.86739026231012,0.0
152.45552617090027,112.6185184740252,0.0
152.45552617090027,52.101190229355225,0.0
152.45552617090027,56.60937685453509,0.0
152.45552617090027,75.90260003472513,0.0
152.45552617090027,53.70687396983517,0.0
152.45552617090027,79.6469988867703,5.265767293799994
152.45552617090027,70.2442270867001,0.0
152.45552617090027,80.19667436734022,0.0
152.45552617090027,96.66238997642516,5.548749203249859
152.45552617090027,48.989538435135074,0.0
152.45552617090027,65.16929363066023,1.2969371963998886
152.45552617090027,67.94577299744017,0.0
152.45552617090027,63.88251603540523,0.0
152.45552617090027,53.397799760165164,0.0
152.45552617090027,84.01315283208518,0.0
152.45552617090027,98.91662206063519,0.0
152.45552617090027,93.6036470946602,0.0
152.45552617090027,66.92526485537519,-1.7235280355499825
152.45552617090027,37.88169653995512,0.0
152.45552617090027,68.14908594024018,0.0
152.45552617090027,80.80958016917018,0.0
152.45552617090027,116.19895228763524,7.231647679850412
152.45552617090027,93.47694549264023,0.0
152.45552617090027,84.93795320801019,-4.792533210199873
152.45552617090027,95.39089870135021,0.0
152.45552617090027,91.79020161880521,0.0
152.45552617090027,65.25063289619519,0.0
152.45552617090027,64.58355002019523,0.0
152.45552617090027,89.8243689019102,0.0
152.45552617090027,68.17096846811015,0.0
152.45552617090027,53.11123321789019,0.0
152.45552617090027,52.31758789673512,-5.028786755350034
152.45552617090027,66.19544084678515,0.0
152.45552617090027,63.67828150169523,0.0
152.45552617090027,130.74537197532524,7.231647679850412
152.45552617090027,50.68413257356015,0.0
152.45552617090027,120.61498275738018,0.0
152.45552617090027,69.65657169989522,0.0
152.45552617090027,79.32267306912529,0.0
152.45552617090027,92.1964804705252,0.0
152.45552617090027,56.065606255470286,7.231647679850412
152.45552617090027,68.07508148130526,7.231647679850412
152.45552617090027,63.87486954030028,0.0
152.45552617090027,78.39725738940527,0.0
152.45552617090027,64.52746812821015,0.0
152.45552617090027,46.53286972464521,-11.110920419700037
152.45552617090027,66.61171526519023,0.0
152.45552617090027,110.73627974832019,0.0
152.45552617090027,62.428540004330195,0.0
152.45552617090027,61.70537523634515,0.0
152.45552617090027,67.12522262988514,0.0
152.45552617090027,80.49618551328521,0.0
152.45552617090027,113.60152908761522,0.0
152.45552617090027,95.0185733623902,0.0
